"",BBSIS.D.I.ZST.B0.EUR.S1311.B.A604._Z.R.A.A._Z._Z.A,BBSIS.D.I.ZST.B0.EUR.S1311.B.A604._Z.R.A.A._Z._Z.A_FLAGS,BBSIS.D.I.ZST.B1.EUR.S1311.B.A604._Z.R.A.A._Z._Z.A,BBSIS.D.I.ZST.B1.EUR.S1311.B.A604._Z.R.A.A._Z._Z.A_FLAGS,BBSIS.D.I.ZST.B2.EUR.S1311.B.A604._Z.R.A.A._Z._Z.A,BBSIS.D.I.ZST.B2.EUR.S1311.B.A604._Z.R.A.A._Z._Z.A_FLAGS,BBSIS.D.I.ZST.B3.EUR.S1311.B.A604._Z.R.A.A._Z._Z.A,BBSIS.D.I.ZST.B3.EUR.S1311.B.A604._Z.R.A.A._Z._Z.A_FLAGS,BBSIS.D.I.ZST.T1.EUR.S1311.B.A604._Z.R.A.A._Z._Z.A,BBSIS.D.I.ZST.T1.EUR.S1311.B.A604._Z.R.A.A._Z._Z.A_FLAGS,BBSIS.D.I.ZST.T2.EUR.S1311.B.A604._Z.R.A.A._Z._Z.A,BBSIS.D.I.ZST.T2.EUR.S1311.B.A604._Z.R.A.A._Z._Z.A_FLAGS
"",Term structure of interest rates on listed Federalsecurities (method by Svensson) / Parameter Beta0 /daily data,,Term structure of interest rates on listed Federalsecurities (method by Svensson) / Parameter Beta1 /daily data,,Term structure of interest rates on listed Federalsecurities (method by Svensson) / Parameter Beta2 /daily data,,Term structure of interest rates on listed Federalsecurities (method by Svensson) / Parameter Beta3 /daily data,,Term structure of interest rates on listed Federalsecurities (method by Svensson) / Parameter Tau1 /daily data,,Term structure of interest rates on listed Federalsecurities (method by Svensson) / Parameter Tau2 /daily data,
unit,,,,,,,,,,,,
unit multiplier,one,,one,,one,,one,,one,,one,
last update,2021-07-09 13:55:23,,2021-07-09 13:55:23,,2021-07-09 13:55:23,,2021-07-09 13:55:24,,2021-07-09 13:55:24,,2021-07-09 13:55:24,
2019-06-01,.,No value available,.,No value available,.,No value available,.,No value available,.,No value available,.,No value available
2019-06-02,.,No value available,.,No value available,.,No value available,.,No value available,.,No value available,.,No value available
2019-06-03,0.97004,,-1.48715,,-0.92086,,-1.70291,,3.40863,,3.32630,
2019-06-04,0.88367,,-1.45529,,0.00510,,-3.85765,,1.11818,,2.73458,
2019-06-05,0.88367,,-1.45529,,0.00510,,-3.85765,,1.11818,,2.73458,
2019-06-06,0.87586,,-1.45512,,0.01020,,-3.99381,,1.04691,,2.70808,
2019-06-07,0.83281,,-1.39338,,0.01390,,-3.78202,,1.09074,,2.74886,
2019-06-08,.,No value available,.,No value available,.,No value available,.,No value available,.,No value available,.,No value available
2019-06-09,.,No value available,.,No value available,.,No value available,.,No value available,.,No value available,.,No value available
2019-06-10,.,No value available,.,No value available,.,No value available,.,No value available,.,No value available,.,No value available
2019-06-11,0.84944,,-1.41517,,0.00087,,-3.83877,,1.07510,,2.68853,
2019-06-12,0.84944,,-1.41517,,0.00087,,-3.83877,,1.07510,,2.68853,
2019-06-13,0.83867,,-1.40159,,0.00174,,-3.75970,,1.16141,,2.77183,
2019-06-14,0.77433,,-1.33178,,0.00011,,-3.61584,,1.20375,,2.74475,
2019-06-15,.,No value available,.,No value available,.,No value available,.,No value available,.,No value available,.,No value available
2019-06-16,.,No value available,.,No value available,.,No value available,.,No value available,.,No value available,.,No value available
2019-06-17,0.81933,,-1.35209,,-2.62007,,0.15765,,3.26753,,4.16175,
2019-06-18,0.77500,,-1.32416,,-2.78963,,0.23859,,3.21293,,3.25176,
2019-06-19,0.76075,,-1.22685,,-2.73612,,-0.41283,,2.99876,,0.11451,
2019-06-20,0.71202,,-1.29089,,-3.10028,,0.59844,,2.83597,,2.07172,
2019-06-21,0.71202,,-1.29089,,-3.10028,,0.59844,,2.83597,,2.07172,
2019-06-22,.,No value available,.,No value available,.,No value available,.,No value available,.,No value available,.,No value available
2019-06-23,.,No value available,.,No value available,.,No value available,.,No value available,.,No value available,.,No value available
2019-06-24,0.74186,,-1.33952,,-2.38569,,0.04400,,3.24809,,0.05710,
2019-06-25,0.74186,,-1.33952,,-2.38569,,0.04400,,3.24809,,0.05710,
2019-06-26,0.75373,,-1.36575,,-2.36828,,0.05113,,3.43589,,2.86500,
2019-06-27,0.78391,,-1.36821,,-2.17575,,-0.29882,,3.19422,,4.90706,
2019-06-28,0.72057,,-1.23719,,-2.54116,,-0.23013,,3.11396,,0.14734,
2019-06-29,.,No value available,.,No value available,.,No value available,.,No value available,.,No value available,.,No value available
2019-06-30,.,No value available,.,No value available,.,No value available,.,No value available,.,No value available,.,No value available
2019-07-01,0.75520,,-1.22526,,-2.71602,,-0.37349,,3.12186,,0.16388,
2019-07-02,0.76641,,-1.29354,,-2.68742,,-0.21316,,3.26199,,0.16926,
2019-07-03,0.72811,,-1.33027,,-2.50672,,-0.01332,,3.42582,,0.15436,
2019-07-04,0.71407,,-1.31490,,-2.46249,,-0.02635,,3.46435,,0.70991,
2019-07-05,0.71363,,-1.33515,,-2.69494,,0.23399,,3.36018,,2.15410,
2019-07-06,.,No value available,.,No value available,.,No value available,.,No value available,.,No value available,.,No value available
2019-07-07,.,No value available,.,No value available,.,No value available,.,No value available,.,No value available,.,No value available
2019-07-08,0.72911,,-1.31298,,-2.45022,,-0.02403,,3.38709,,0.23867,
2019-07-09,0.75989,,-1.36534,,-2.43710,,0.03398,,3.34868,,0.16047,
2019-07-10,0.83242,,-1.40188,,-2.49380,,0.00212,,3.34025,,0.01003,
2019-07-11,0.80214,,-1.38669,,-2.49289,,0.00212,,3.29733,,0.01003,
2019-07-12,0.92612,,-1.51486,,-2.56070,,0.00212,,3.26847,,0.01003,
2019-07-13,.,No value available,.,No value available,.,No value available,.,No value available,.,No value available,.,No value available
2019-07-14,.,No value available,.,No value available,.,No value available,.,No value available,.,No value available,.,No value available
2019-07-15,0.87558,,-1.47239,,-2.53555,,0.00212,,3.27465,,0.01003,
2019-07-16,0.80535,,-1.40374,,-2.47245,,0.00212,,3.31100,,0.01003,
2019-07-17,0.79858,,-1.40062,,-1.40521,,-0.97081,,3.55969,,2.98624,
2019-07-18,0.77227,,-1.38358,,-0.96664,,-1.49388,,3.36800,,3.38468,
2019-07-19,0.83355,,-1.46219,,-2.55045,,0.01916,,3.52496,,0.13223,
2019-07-20,.,No value available,.,No value available,.,No value available,.,No value available,.,No value available,.,No value available
2019-07-21,.,No value available,.,No value available,.,No value available,.,No value available,.,No value available,.,No value available
2019-07-22,0.80584,,-1.41937,,-2.60591,,0.00120,,3.42414,,0.00826,
2019-07-23,0.81762,,-1.43691,,-2.58917,,0.00120,,3.50660,,0.00826,
2019-07-24,0.75918,,-1.38273,,-0.12577,,-3.03654,,2.26496,,3.42948,
2019-07-25,0.69296,,-1.33681,,0.09224,,-3.44258,,1.70464,,3.11725,
2019-07-26,0.74418,,-1.37748,,0.13689,,-3.51911,,1.72443,,3.15451,
2019-07-27,.,No value available,.,No value available,.,No value available,.,No value available,.,No value available,.,No value available
2019-07-28,.,No value available,.,No value available,.,No value available,.,No value available,.,No value available,.,No value available
2019-07-29,0.72592,,-1.44502,,-2.35258,,0.28720,,3.69620,,0.42790,
2019-07-30,0.73466,,-1.50160,,-2.25957,,0.40592,,3.82267,,0.39463,
2019-07-31,0.70385,,-1.47406,,-2.25035,,0.40735,,3.78412,,0.41592,
2019-08-01,0.63856,,-1.15494,,-2.58391,,-0.36632,,3.40857,,0.14059,
2019-08-02,0.50199,,-1.06556,,-2.41411,,-0.31566,,3.51006,,0.11697,
2019-08-03,.,No value available,.,No value available,.,No value available,.,No value available,.,No value available,.,No value available
2019-08-04,.,No value available,.,No value available,.,No value available,.,No value available,.,No value available,.,No value available
2019-08-05,0.40405,,-1.01393,,-2.21960,,-0.17166,,3.56920,,0.12242,
2019-08-06,0.41390,,-1.02889,,-2.29676,,-0.15615,,3.45965,,0.13743,
2019-08-07,0.27785,,-0.91363,,-2.14424,,-0.08361,,3.40264,,0.20048,
2019-08-08,0.35815,,-1.00972,,-2.28126,,-0.27188,,3.41061,,0.02324,
2019-08-09,0.39125,,-1.05193,,-2.34770,,-0.04844,,3.52817,,1.01262,
2019-08-10,.,No value available,.,No value available,.,No value available,.,No value available,.,No value available,.,No value available
2019-08-11,.,No value available,.,No value available,.,No value available,.,No value available,.,No value available,.,No value available
2019-08-12,0.35230,,-1.04670,,-2.30599,,0.40948,,3.44561,,0.01878,
2019-08-13,0.28863,,-1.01623,,-2.13249,,0.81896,,3.54698,,0.02747,
2019-08-14,0.25827,,-0.92345,,-2.27307,,0.05119,,3.35610,,0.01782,
2019-08-15,0.23020,,-0.91535,,-0.45669,,-1.35415,,5.89305,,2.88853,
2019-08-16,0.17969,,-0.86876,,-1.73060,,-0.39250,,4.38571,,1.56515,
2019-08-17,.,No value available,.,No value available,.,No value available,.,No value available,.,No value available,.,No value available
2019-08-18,.,No value available,.,No value available,.,No value available,.,No value available,.,No value available,.,No value available
2019-08-19,0.31271,,-1.00893,,-1.90370,,-0.36548,,3.84830,,2.24405,
2019-08-20,0.28917,,-0.98979,,-7.62475,,5.20035,,3.34431,,3.27499,
2019-08-21,0.30564,,-1.00730,,-2.61702,,0.32856,,3.70425,,5.53939,
2019-08-22,0.00159,,-0.69801,,-2.47566,,1.11534,,4.00094,,10.51720,
2019-08-23,0.00531,,-0.69696,,-2.54227,,1.35364,,4.06732,,10.54559,
2019-08-24,.,No value available,.,No value available,.,No value available,.,No value available,.,No value available,.,No value available
2019-08-25,.,No value available,.,No value available,.,No value available,.,No value available,.,No value available,.,No value available
2019-08-26,0.00055,,-0.70301,,-2.38376,,1.03916,,3.95134,,11.00814,
2019-08-27,0.00014,,-0.70409,,-2.27916,,0.86732,,3.84689,,12.04710,
2019-08-28,0.00037,,-0.71899,,-2.11517,,0.54304,,3.88484,,11.99802,
2019-08-29,0.00035,,-0.70774,,-2.10365,,0.56418,,3.76497,,13.44770,
2019-08-30,0.00082,,-0.71136,,-2.21852,,0.66798,,3.72013,,12.57311,
2019-08-31,.,No value available,.,No value available,.,No value available,.,No value available,.,No value available,.,No value available
2019-09-01,.,No value available,.,No value available,.,No value available,.,No value available,.,No value available,.,No value available
2019-09-02,0.00190,,-0.72267,,-2.19719,,0.60649,,3.56167,,14.54054,
2019-09-03,0.00939,,-0.72987,,-2.33964,,0.61619,,3.75736,,11.87732,
2019-09-04,0.00621,,-0.71924,,-2.16385,,0.79229,,3.83116,,15.15545,
2019-09-05,0.05009,,-0.75195,,1.21810,,-1.70651,,13.37200,,3.31641,
2019-09-06,0.14645,,-0.82710,,1.41762,,-2.09826,,10.53253,,3.69100,
2019-09-07,.,No value available,.,No value available,.,No value available,.,No value available,.,No value available,.,No value available
2019-09-08,.,No value available,.,No value available,.,No value available,.,No value available,.,No value available,.,No value available
2019-09-09,0.08373,,-0.75460,,1.67965,,-2.35043,,9.91505,,3.96870,
2019-09-10,0.15174,,-0.81338,,1.51208,,-2.23932,,10.06119,,3.77624,
2019-09-11,0.51244,,-1.43010,,-2.14770,,0.75711,,3.71939,,0.38823,
2019-09-12,0.39114,,-0.93186,,-2.58036,,-1.65231,,3.28343,,0.02792,
2019-09-13,0.50449,,-0.92053,,-2.57087,,-3.34611,,3.53023,,0.01725,
2019-09-14,.,No value available,.,No value available,.,No value available,.,No value available,.,No value available,.,No value available
2019-09-15,.,No value available,.,No value available,.,No value available,.,No value available,.,No value available,.,No value available
2019-09-16,0.47650,,-0.92504,,-2.47578,,-2.89508,,3.38325,,0.01791,
2019-09-17,0.49742,,-0.94876,,-2.47742,,-5.58692,,3.49673,,0.01043,
2019-09-18,0.46444,,-0.96056,,-2.35995,,-3.26675,,3.56730,,0.01365,
2019-09-19,0.47433,,-1.02323,,-2.18083,,-5.10428,,3.78680,,0.00660,
2019-09-20,0.42015,,-0.97297,,-2.12739,,-16.24981,,3.84048,,0.00210,
2019-09-21,.,No value available,.,No value available,.,No value available,.,No value available,.,No value available,.,No value available
2019-09-22,.,No value available,.,No value available,.,No value available,.,No value available,.,No value available,.,No value available
2019-09-23,0.32122,,-0.89225,,-2.03777,,-4.26118,,4.07162,,0.00627,
2019-09-24,0.33201,,-0.90958,,-2.00765,,-4.79432,,4.14783,,0.00509,
2019-09-25,0.25895,,-0.83637,,-1.99028,,-10.38289,,4.11482,,0.00199,
2019-09-26,0.24800,,-0.82189,,-2.00448,,-3.92751,,3.70370,,0.00594,
2019-09-27,0.31856,,-1.15329,,-1.56387,,0.56172,,4.60831,,0.28752,
2019-09-28,.,No value available,.,No value available,.,No value available,.,No value available,.,No value available,.,No value available
2019-09-29,.,No value available,.,No value available,.,No value available,.,No value available,.,No value available,.,No value available
2019-09-30,0.38837,,-1.21913,,-1.68801,,0.54072,,4.42419,,0.28265,
2019-10-01,0.43188,,-1.32240,,-1.59231,,0.77370,,4.38978,,0.26750,
2019-10-02,0.40243,,-1.25355,,-1.69539,,0.65234,,4.30584,,0.26320,
2019-10-03,.,No value available,.,No value available,.,No value available,.,No value available,.,No value available,.,No value available
2019-10-04,0.31449,,-0.98359,,-2.04452,,19.03117,,3.84719,,0.00184,
2019-10-05,.,No value available,.,No value available,.,No value available,.,No value available,.,No value available,.,No value available
2019-10-06,.,No value available,.,No value available,.,No value available,.,No value available,.,No value available,.,No value available
2019-10-07,0.31270,,-0.96694,,-2.07660,,15.06848,,3.80639,,0.00196,
2019-10-08,0.34913,,-0.98212,,-2.16714,,11.33147,,3.65962,,0.00196,
2019-10-09,0.35725,,-1.00631,,-2.12705,,14.20993,,3.74945,,0.00217,
2019-10-10,0.38161,,-1.02519,,-2.00043,,15.94981,,3.91071,,0.00186,
2019-10-11,0.41370,,-1.01184,,-2.03775,,21.33387,,3.60637,,0.00090,
2019-10-12,.,No value available,.,No value available,.,No value available,.,No value available,.,No value available,.,No value available
2019-10-13,.,No value available,.,No value available,.,No value available,.,No value available,.,No value available,.,No value available
2019-10-14,0.44398,,-1.01813,,-2.12538,,12.16760,,3.51952,,0.00090,
2019-10-15,0.45837,,-0.99185,,-2.11482,,-0.04881,,3.67868,,0.73467,
2019-10-16,0.49161,,-1.04480,,-1.54029,,-0.43661,,4.12816,,2.27925,
2019-10-17,0.54519,,-1.09326,,-0.16104,,-2.06205,,3.03705,,3.60445,
2019-10-18,0.53594,,-1.09253,,-1.99107,,-0.01953,,3.69945,,0.32467,
2019-10-19,.,No value available,.,No value available,.,No value available,.,No value available,.,No value available,.,No value available
2019-10-20,.,No value available,.,No value available,.,No value available,.,No value available,.,No value available,.,No value available
2019-10-21,0.57537,,-1.12665,,-2.02872,,-0.03906,,3.50636,,0.32162,
2019-10-22,0.56860,,-1.15071,,-2.24899,,0.26524,,3.67090,,3.22861,
2019-10-23,0.28068,,-0.86901,,-1.93264,,0.72822,,4.04602,,12.83114,
2019-10-24,0.51151,,-1.10304,,-1.98207,,0.09664,,3.62693,,1.95943,
2019-10-25,0.53023,,-1.13598,,-1.84919,,0.03000,,3.83722,,0.76959,
2019-10-26,.,No value available,.,No value available,.,No value available,.,No value available,.,No value available,.,No value available
2019-10-27,.,No value available,.,No value available,.,No value available,.,No value available,.,No value available,.,No value available
2019-10-28,0.59501,,-1.17774,,-1.96777,,0.02850,,3.63029,,1.46319,
2019-10-29,0.56906,,-1.16986,,-1.81769,,0.00178,,3.79709,,0.09145,
2019-10-30,0.57768,,-1.16416,,-1.81818,,0.00011,,3.94012,,0.02430,
2019-10-31,0.25297,,-0.86399,,-1.98654,,1.11062,,4.69813,,12.03238,
2019-11-01,0.53508,,-1.13598,,0.45068,,-2.55552,,3.15768,,3.83013,
2019-11-02,.,No value available,.,No value available,.,No value available,.,No value available,.,No value available,.,No value available
2019-11-03,.,No value available,.,No value available,.,No value available,.,No value available,.,No value available,.,No value available
2019-11-04,0.54998,,-1.16060,,0.56781,,-3.01451,,2.13040,,3.16200,
2019-11-05,0.60700,,-1.19919,,-0.01993,,-2.80608,,1.58544,,3.18466,
2019-11-06,0.60390,,-1.17120,,-0.03986,,-2.65767,,1.76712,,3.23086,
2019-11-07,0.59002,,-1.16899,,-0.07972,,-2.55991,,1.76397,,3.36863,
2019-11-08,0.65063,,-1.22353,,-0.09379,,-1.90132,,3.07886,,3.52551,
2019-11-09,.,No value available,.,No value available,.,No value available,.,No value available,.,No value available,.,No value available
2019-11-10,.,No value available,.,No value available,.,No value available,.,No value available,.,No value available,.,No value available
2019-11-11,0.62706,,-1.21345,,-1.34853,,-0.39186,,3.64173,,3.38532,
2019-11-12,0.68262,,-1.26805,,-1.84671,,0.25128,,3.49744,,0.00010,
2019-11-13,0.57672,,-1.17785,,-0.09291,,-2.47987,,1.69162,,3.24146,
2019-11-14,0.54972,,-1.15855,,1.27771,,-3.43938,,2.42901,,3.09335,
2019-11-15,0.51369,,-1.13107,,0.80695,,-3.08897,,2.02712,,2.92725,
2019-11-16,.,No value available,.,No value available,.,No value available,.,No value available,.,No value available,.,No value available
2019-11-17,.,No value available,.,No value available,.,No value available,.,No value available,.,No value available,.,No value available
2019-11-18,0.53932,,-1.13836,,0.91483,,-3.12834,,2.26046,,3.03401,
2019-11-19,0.54722,,-1.13583,,1.42512,,-3.59180,,2.46334,,3.08599,
2019-11-20,0.51166,,-1.10652,,0.40696,,-2.66437,,2.43711,,3.43515,
2019-11-21,0.58281,,-1.16099,,0.02544,,-1.95998,,3.46571,,3.81442,
2019-11-22,0.53494,,-1.11971,,0.02085,,-2.41793,,2.08763,,3.46220,
2019-11-23,.,No value available,.,No value available,.,No value available,.,No value available,.,No value available,.,No value available
2019-11-24,.,No value available,.,No value available,.,No value available,.,No value available,.,No value available,.,No value available
2019-11-25,0.54697,,-1.13126,,0.04722,,-2.43935,,2.16615,,3.49543,
2019-11-26,0.54256,,-1.13836,,0.07867,,-2.63623,,1.83293,,3.37591,
2019-11-27,0.54250,,-1.03351,,-1.93191,,-0.25107,,3.86091,,0.32184,
2019-11-28,0.51904,,-1.00688,,-1.92198,,-0.29539,,3.75930,,0.26736,
2019-11-29,0.51864,,-1.12572,,-1.86496,,0.15725,,3.68522,,1.11947,
2019-11-30,.,No value available,.,No value available,.,No value available,.,No value available,.,No value available,.,No value available
2019-12-01,.,No value available,.,No value available,.,No value available,.,No value available,.,No value available,.,No value available
2019-12-02,0.57341,,-1.16843,,-3.06063,,1.25920,,3.09216,,2.38060,
2019-12-03,0.57026,,-1.19126,,-5.06046,,3.14016,,2.69760,,2.31493,
2019-12-04,0.53312,,-1.18070,,-21.22954,,19.24524,,2.55004,,2.45577,
2019-12-05,0.53991,,-1.20147,,-30.00000,,28.09110,,2.44272,,2.37519,
2019-12-06,0.53991,,-1.20147,,-30.00000,,28.09110,,2.44272,,2.37519,
2019-12-07,.,No value available,.,No value available,.,No value available,.,No value available,.,No value available,.,No value available
2019-12-08,.,No value available,.,No value available,.,No value available,.,No value available,.,No value available,.,No value available
2019-12-09,0.54484,,-1.22223,,-26.26808,,24.33514,,2.37254,,2.29286,
2019-12-10,0.56288,,-1.25474,,-22.80475,,20.86065,,2.28700,,2.19171,
2019-12-11,0.54227,,-1.22491,,-7.92956,,6.01932,,2.51570,,2.22376,
2019-12-12,0.56599,,-1.23699,,-2.30392,,0.57394,,3.21826,,1.80142,
2019-12-13,0.63131,,-1.30362,,0.93973,,-3.08956,,2.13560,,2.96784,
2019-12-14,.,No value available,.,No value available,.,No value available,.,No value available,.,No value available,.,No value available
2019-12-15,.,No value available,.,No value available,.,No value available,.,No value available,.,No value available,.,No value available
2019-12-16,0.56948,,-1.24473,,0.00964,,-2.51868,,1.59899,,3.29225,
2019-12-17,0.22609,,-0.89893,,-2.78257,,2.71429,,5.64317,,9.06652,
2019-12-18,0.20682,,-0.89496,,-3.15865,,3.15036,,5.76665,,8.65500,
2019-12-19,0.61086,,-1.34517,,-0.67200,,-2.93217,,0.61820,,2.65164,
2019-12-20,0.60251,,-1.37147,,-0.71269,,-2.91976,,0.60286,,2.65453,
2019-12-21,.,No value available,.,No value available,.,No value available,.,No value available,.,No value available,.,No value available
2019-12-22,.,No value available,.,No value available,.,No value available,.,No value available,.,No value available,.,No value available
2019-12-23,0.56594,,-1.25786,,-1.05626,,-2.99119,,0.47541,,2.61810,
2019-12-24,.,No value available,.,No value available,.,No value available,.,No value available,.,No value available,.,No value available
2019-12-25,.,No value available,.,No value available,.,No value available,.,No value available,.,No value available,.,No value available
2019-12-26,.,No value available,.,No value available,.,No value available,.,No value available,.,No value available,.,No value available
2019-12-27,0.59239,,-1.23748,,-1.18387,,-3.06575,,0.45045,,2.61962,
2019-12-28,.,No value available,.,No value available,.,No value available,.,No value available,.,No value available,.,No value available
2019-12-29,.,No value available,.,No value available,.,No value available,.,No value available,.,No value available,.,No value available
2019-12-30,0.66472,,-1.36514,,-0.89154,,-2.95912,,0.60503,,2.80096,
2019-12-31,.,No value available,.,No value available,.,No value available,.,No value available,.,No value available,.,No value available
2020-01-01,.,No value available,.,No value available,.,No value available,.,No value available,.,No value available,.,No value available
2020-01-02,0.70701,,-1.39679,,-2.36462,,0.76271,,2.94907,,1.64556,
2020-01-03,0.55525,,-1.20226,,-4.30519,,2.45568,,2.53638,,1.91370,
2020-01-04,.,No value available,.,No value available,.,No value available,.,No value available,.,No value available,.,No value available
2020-01-05,.,No value available,.,No value available,.,No value available,.,No value available,.,No value available,.,No value available
2020-01-06,0.63192,,-1.23395,,-1.11893,,-0.71314,,3.45066,,3.97075,
2020-01-07,0.66179,,-1.25160,,-1.78314,,0.08020,,3.71353,,0.00010,
2020-01-08,0.65899,,-1.24608,,-1.83603,,0.08020,,3.60553,,0.00010,
2020-01-09,0.69782,,-1.28388,,-1.75424,,0.08020,,3.60705,,0.00010,
2020-01-10,0.68784,,-1.10077,,-2.02614,,-0.48023,,3.25866,,0.22562,
2020-01-11,.,No value available,.,No value available,.,No value available,.,No value available,.,No value available,.,No value available
2020-01-12,.,No value available,.,No value available,.,No value available,.,No value available,.,No value available,.,No value available
2020-01-13,0.75525,,-1.32295,,-0.42187,,-1.14324,,4.35358,,3.48294,
2020-01-14,0.71620,,-1.31369,,-1.86076,,0.18078,,3.28757,,0.69708,
2020-01-15,0.72458,,-1.28180,,-1.25215,,-0.66736,,3.41071,,4.45319,
2020-01-16,0.69714,,-1.24316,,-0.36066,,-1.61426,,3.24787,,3.67374,
2020-01-17,0.69857,,-1.24826,,-1.82486,,-0.27018,,3.65021,,0.00010,
2020-01-18,.,No value available,.,No value available,.,No value available,.,No value available,.,No value available,.,No value available
2020-01-19,.,No value available,.,No value available,.,No value available,.,No value available,.,No value available,.,No value available
2020-01-20,0.69857,,-1.24826,,-1.82486,,-0.27018,,3.65021,,0.00010,
2020-01-21,0.68992,,-1.23381,,-1.77673,,-0.54036,,3.80341,,0.00010,
2020-01-22,0.59627,,-1.17234,,-7.31753,,5.34881,,2.50755,,2.19148,
2020-01-23,0.58929,,-1.16983,,-2.35249,,0.52982,,3.03296,,1.44804,
2020-01-24,0.57402,,-1.14444,,-2.53112,,0.68045,,3.15251,,1.78577,
2020-01-25,.,No value available,.,No value available,.,No value available,.,No value available,.,No value available,.,No value available
2020-01-26,.,No value available,.,No value available,.,No value available,.,No value available,.,No value available,.,No value available
2020-01-27,0.64494,,-1.17371,,-1.52627,,-0.41769,,4.53917,,2.78412,
2020-01-28,0.50596,,-1.03282,,-0.26324,,-2.06824,,2.65374,,3.96188,
2020-01-29,0.55988,,-1.10431,,0.13813,,-1.68750,,5.48941,,3.76144,
2020-01-30,0.54119,,-1.10053,,0.17465,,-1.87806,,4.76365,,4.05751,
2020-01-31,0.37248,,-0.93546,,1.31637,,-2.28161,,7.28383,,4.46117,
2020-02-01,.,No value available,.,No value available,.,No value available,.,No value available,.,No value available,.,No value available
2020-02-02,.,No value available,.,No value available,.,No value available,.,No value available,.,No value available,.,No value available
2020-02-03,0.07679,,-0.64057,,1.89984,,-2.04239,,10.69091,,4.55076,
2020-02-04,0.03386,,-0.58786,,2.19685,,-2.15424,,10.77334,,4.61499,
2020-02-05,0.01682,,-0.56932,,2.50341,,-2.30690,,10.33957,,4.76570,
2020-02-06,0.58517,,-1.12418,,-1.19293,,-0.73931,,3.90268,,4.02961,
2020-02-07,0.54015,,-1.09667,,-2.12933,,0.19995,,3.64322,,1.59083,
2020-02-08,.,No value available,.,No value available,.,No value available,.,No value available,.,No value available,.,No value available
2020-02-09,.,No value available,.,No value available,.,No value available,.,No value available,.,No value available,.,No value available
2020-02-10,0.50569,,-1.07673,,-2.49119,,0.51970,,3.20234,,1.47416,
2020-02-11,0.51103,,-1.08216,,-2.53323,,0.58096,,3.17676,,1.81368,
2020-02-12,0.51103,,-1.08216,,-2.53323,,0.58096,,3.17676,,1.81368,
2020-02-13,0.50869,,-1.09158,,-2.04775,,0.20747,,3.75720,,1.08580,
2020-02-14,0.56652,,-1.11693,,-1.93351,,-0.05598,,4.13694,,0.14438,
2020-02-15,.,No value available,.,No value available,.,No value available,.,No value available,.,No value available,.,No value available
2020-02-16,.,No value available,.,No value available,.,No value available,.,No value available,.,No value available,.,No value available
2020-02-17,0.50446,,-1.07846,,0.40791,,-2.88091,,2.07793,,3.35134,
2020-02-18,0.47218,,-1.04972,,0.81582,,-3.16042,,2.26893,,3.29212,
2020-02-19,0.47218,,-1.04972,,0.81582,,-3.16042,,2.26893,,3.29212,
2020-02-20,0.52142,,-1.07110,,-2.39755,,0.44899,,3.91469,,2.93058,
2020-02-21,0.37325,,-0.94226,,-3.14820,,1.40294,,3.50981,,2.96552,
2020-02-22,.,No value available,.,No value available,.,No value available,.,No value available,.,No value available,.,No value available
2020-02-23,.,No value available,.,No value available,.,No value available,.,No value available,.,No value available,.,No value available
2020-02-24,0.35882,,-0.94358,,-1.84065,,0.07817,,3.92108,,0.95779,
2020-02-25,0.00102,,-0.58991,,-2.43236,,1.81121,,5.12091,,10.72408,
2020-02-26,0.00011,,-0.60360,,-2.13697,,1.47051,,4.83077,,11.72278,
2020-02-27,0.00010,,-0.60653,,-2.14158,,1.48145,,4.71449,,11.90605,
2020-02-28,0.00020,,-0.66216,,-2.41740,,1.44694,,5.14781,,8.83288,
2020-02-29,.,No value available,.,No value available,.,No value available,.,No value available,.,No value available,.,No value available
2020-03-01,.,No value available,.,No value available,.,No value available,.,No value available,.,No value available,.,No value available
2020-03-02,0.00018,,-0.63693,,-1.80165,,0.35135,,3.56150,,13.81504,
2020-03-03,0.00010,,-0.60738,,-1.72444,,0.64823,,3.50443,,30.00000,
2020-03-04,0.00010,,-0.63574,,-1.80741,,0.40989,,3.55241,,23.03587,
2020-03-05,0.00010,,-0.62058,,-1.87066,,0.45276,,3.28375,,28.27608,
2020-03-06,0.00020,,-0.66342,,-1.94055,,0.09354,,3.44557,,30.00000,
2020-03-07,.,No value available,.,No value available,.,No value available,.,No value available,.,No value available,.,No value available
2020-03-08,.,No value available,.,No value available,.,No value available,.,No value available,.,No value available,.,No value available
2020-03-09,0.00044,,-0.67568,,-1.39275,,-0.62874,,6.01288,,1.75948,
2020-03-10,0.00162,,-0.67801,,-1.40205,,-0.52010,,4.64505,,1.37706,
2020-03-11,0.00014,,-0.72976,,-0.64808,,-0.90758,,8.69533,,1.93168,
2020-03-12,0.00017,,-0.83264,,-1.43175,,-1.22794,,2.27615,,10.20858,
2020-03-13,0.00010,,-0.81267,,-1.42327,,-0.55007,,2.28658,,7.86844,
2020-03-14,.,No value available,.,No value available,.,No value available,.,No value available,.,No value available,.,No value available
2020-03-15,.,No value available,.,No value available,.,No value available,.,No value available,.,No value available,.,No value available
2020-03-16,0.08294,,-0.89536,,-0.13135,,-0.69561,,7.47551,,1.87064,
2020-03-17,0.00010,,-1.00417,,-1.14124,,0.45005,,2.16182,,0.33102,
2020-03-18,0.12920,,-0.93948,,-6.91803,,5.43586,,1.40393,,1.27837,
2020-03-19,0.88863,,-1.69458,,-1.32721,,-1.85076,,2.48481,,11.57473,
2020-03-20,2.04473,,-2.79913,,-1.55733,,-4.93548,,3.55562,,17.87055,
2020-03-21,.,No value available,.,No value available,.,No value available,.,No value available,.,No value available,.,No value available
2020-03-22,.,No value available,.,No value available,.,No value available,.,No value available,.,No value available,.,No value available
2020-03-23,0.09809,,-1.08131,,-0.07845,,-2.04008,,0.49372,,2.24000,
2020-03-24,0.22539,,-0.97312,,-0.11716,,-1.65040,,1.49524,,3.44015,
2020-03-25,0.27038,,-1.04392,,-0.01754,,-2.19899,,0.70555,,2.42105,
2020-03-26,0.43909,,-1.14968,,0.00720,,-2.46410,,1.03685,,2.95152,
2020-03-27,0.39748,,-1.20591,,-1.62572,,0.57236,,3.73816,,0.61573,
2020-03-28,.,No value available,.,No value available,.,No value available,.,No value available,.,No value available,.,No value available
2020-03-29,.,No value available,.,No value available,.,No value available,.,No value available,.,No value available,.,No value available
2020-03-30,0.35841,,-1.18220,,-1.58492,,0.50968,,4.26078,,0.56992,
2020-03-31,0.34116,,-1.13464,,-1.57002,,0.48919,,3.85498,,0.71070,
2020-04-01,0.35445,,-1.08257,,-1.86485,,0.48875,,3.82783,,1.03690,
2020-04-02,0.37254,,-1.07284,,-1.53779,,0.32045,,3.94436,,1.09380,
2020-04-03,0.23437,,-0.91459,,-1.28748,,0.18000,,3.97122,,0.91538,
2020-04-04,.,No value available,.,No value available,.,No value available,.,No value available,.,No value available,.,No value available
2020-04-05,.,No value available,.,No value available,.,No value available,.,No value available,.,No value available,.,No value available
2020-04-06,0.29796,,-0.96601,,-12.39037,,10.94636,,3.19119,,3.05013,
2020-04-07,0.34164,,-0.98491,,-25.92187,,24.25797,,2.42363,,2.35340,
2020-04-08,0.31061,,-0.95841,,0.28688,,-2.36827,,1.26378,,2.70608,
2020-04-09,0.31348,,-0.95553,,0.57376,,-2.48777,,1.40068,,2.48731,
2020-04-10,.,No value available,.,No value available,.,No value available,.,No value available,.,No value available,.,No value available
2020-04-11,.,No value available,.,No value available,.,No value available,.,No value available,.,No value available,.,No value available
2020-04-12,.,No value available,.,No value available,.,No value available,.,No value available,.,No value available,.,No value available
2020-04-13,.,No value available,.,No value available,.,No value available,.,No value available,.,No value available,.,No value available
2020-04-14,0.34896,,-0.95049,,0.28802,,-2.22026,,1.92772,,3.08703,
2020-04-15,0.24982,,-0.89217,,0.57604,,-2.64777,,1.43046,,2.58746,
2020-04-16,0.18269,,-0.86771,,0.10532,,-2.23526,,1.03334,,2.76397,
2020-04-17,0.00029,,-0.62974,,-6.09323,,5.59533,,5.73464,,6.80555,
2020-04-18,.,No value available,.,No value available,.,No value available,.,No value available,.,No value available,.,No value available
2020-04-19,.,No value available,.,No value available,.,No value available,.,No value available,.,No value available,.,No value available
2020-04-20,0.00027,,-0.61240,,-18.88969,,18.30729,,5.73137,,6.06782,
2020-04-21,0.00094,,-0.58456,,-21.39627,,20.87913,,5.95425,,6.26368,
2020-04-22,0.00201,,-0.57694,,-23.47422,,22.84591,,5.50895,,5.76570,
2020-04-23,0.00331,,-0.53971,,1.05163,,-1.32613,,10.26621,,2.97613,
2020-04-24,0.00053,,-0.57727,,1.36781,,-1.74709,,8.41813,,4.08854,
2020-04-25,.,No value available,.,No value available,.,No value available,.,No value available,.,No value available,.,No value available
2020-04-26,.,No value available,.,No value available,.,No value available,.,No value available,.,No value available,.,No value available
2020-04-27,0.00010,,-0.55671,,-1.82058,,0.87881,,3.83193,,9.11250,
2020-04-28,0.00010,,-0.53243,,-2.02560,,1.23060,,4.06045,,9.05534,
2020-04-29,0.00039,,-0.51299,,-1.82976,,0.69747,,3.38782,,9.91076,
2020-04-30,0.00061,,-0.50482,,-1.76064,,0.52599,,3.19904,,14.41143,
2020-05-01,.,No value available,.,No value available,.,No value available,.,No value available,.,No value available,.,No value available
2020-05-02,.,No value available,.,No value available,.,No value available,.,No value available,.,No value available,.,No value available
2020-05-03,.,No value available,.,No value available,.,No value available,.,No value available,.,No value available,.,No value available
2020-05-04,0.04265,,-0.53015,,-1.95258,,0.17409,,3.00523,,13.96639,
2020-05-05,0.18250,,-1.08901,,-1.56891,,1.19306,,3.18366,,0.31700,
2020-05-06,0.20130,,-1.05382,,-1.54808,,0.96827,,3.48583,,0.29787,
2020-05-07,0.25261,,-0.97154,,-1.83753,,0.66113,,3.02866,,0.34771,
2020-05-08,0.19819,,-0.96693,,-1.74345,,0.72942,,3.26925,,0.26641,
2020-05-09,.,No value available,.,No value available,.,No value available,.,No value available,.,No value available,.,No value available
2020-05-10,.,No value available,.,No value available,.,No value available,.,No value available,.,No value available,.,No value available
2020-05-11,0.25882,,-0.93087,,-1.95816,,0.51676,,3.03974,,0.33396,
2020-05-12,0.23969,,-0.87775,,-1.90153,,0.44930,,3.04685,,0.37875,
2020-05-13,0.19224,,-0.79212,,-2.02357,,0.38602,,2.90448,,0.54600,
2020-05-14,0.18520,,-0.77266,,-1.93256,,0.25379,,3.09985,,0.46408,
2020-05-15,0.17492,,-0.78798,,-1.92864,,0.32363,,3.04577,,0.45691,
2020-05-16,.,No value available,.,No value available,.,No value available,.,No value available,.,No value available,.,No value available
2020-05-17,.,No value available,.,No value available,.,No value available,.,No value available,.,No value available,.,No value available
2020-05-18,0.19013,,-0.82855,,-1.89503,,0.35255,,3.18320,,0.43666,
2020-05-19,0.25372,,-0.85054,,-1.93986,,0.38922,,3.00650,,0.66395,
2020-05-20,0.21276,,-0.78439,,-2.26695,,0.67621,,2.71414,,1.32801,
2020-05-21,0.23346,,-0.48669,,-2.14430,,-0.85566,,2.93296,,0.18062,
2020-05-22,0.22418,,-0.50463,,-2.16066,,-0.77965,,3.00732,,0.17325,
2020-05-23,.,No value available,.,No value available,.,No value available,.,No value available,.,No value available,.,No value available
2020-05-24,.,No value available,.,No value available,.,No value available,.,No value available,.,No value available,.,No value available
2020-05-25,0.24079,,-0.51432,,-2.17114,,-0.80758,,2.98242,,0.16811,
2020-05-26,0.32786,,-0.59428,,-2.15381,,-0.82383,,3.07950,,0.16906,
2020-05-27,0.27405,,-0.85936,,-5.02848,,3.32524,,2.53199,,2.06210,
2020-05-28,0.27600,,-0.84311,,-7.76486,,6.02096,,2.26286,,1.99038,
2020-05-29,0.29571,,-0.86306,,-11.43023,,9.64806,,2.26892,,2.08265,
2020-05-30,.,No value available,.,No value available,.,No value available,.,No value available,.,No value available,.,No value available
2020-05-31,.,No value available,.,No value available,.,No value available,.,No value available,.,No value available,.,No value available
2020-06-01,.,No value available,.,No value available,.,No value available,.,No value available,.,No value available,.,No value available
2020-06-02,0.38756,,-0.95473,,-30.00000,,28.04040,,2.39605,,2.33094,
2020-06-03,0.37105,,-0.95082,,-29.98691,,28.09533,,2.14672,,2.07812,
2020-06-04,0.40678,,-0.98673,,-29.98940,,28.09001,,2.14720,,2.07919,
2020-06-05,0.53687,,-1.11392,,-29.68858,,27.60921,,2.14659,,2.06859,
2020-06-06,.,No value available,.,No value available,.,No value available,.,No value available,.,No value available,.,No value available
2020-06-07,.,No value available,.,No value available,.,No value available,.,No value available,.,No value available,.,No value available
2020-06-08,0.57574,,-1.16160,,-29.02852,,26.93384,,2.13638,,2.05656,
2020-06-09,0.46876,,-1.05419,,-8.81229,,6.87277,,2.29735,,2.03701,
2020-06-10,0.46426,,-1.06513,,-9.31252,,7.41353,,2.18782,,1.93920,
2020-06-11,0.38474,,-0.99552,,-8.07097,,6.22291,,2.27614,,1.98622,
2020-06-12,0.34578,,-0.95585,,-10.33778,,8.46490,,2.23036,,2.00934,
2020-06-13,.,No value available,.,No value available,.,No value available,.,No value available,.,No value available,.,No value available
2020-06-14,.,No value available,.,No value available,.,No value available,.,No value available,.,No value available,.,No value available
2020-06-15,0.33225,,-0.94835,,-5.71604,,3.83738,,2.40090,,1.95759,
2020-06-16,0.36815,,-0.38385,,-2.60178,,-1.53236,,2.77042,,0.21200,
2020-06-17,0.39460,,-0.38205,,-2.62286,,-1.66725,,2.74845,,0.21504,
2020-06-18,0.34273,,-0.42799,,-2.43201,,-1.39618,,2.84654,,0.21743,
2020-06-19,0.31662,,-0.33170,,-2.51359,,-1.59216,,2.81723,,0.22633,
2020-06-20,.,No value available,.,No value available,.,No value available,.,No value available,.,No value available,.,No value available
2020-06-21,.,No value available,.,No value available,.,No value available,.,No value available,.,No value available,.,No value available
2020-06-22,0.30059,,-0.32549,,-2.51216,,-1.61009,,2.79099,,0.22241,
2020-06-23,0.33943,,-0.25454,,-2.72916,,-1.90086,,2.78354,,0.22676,
2020-06-24,0.38411,,-0.23998,,-2.89853,,-2.05481,,2.72673,,0.21360,
2020-06-25,0.29057,,-0.28202,,-2.64471,,-1.73943,,2.81411,,0.21024,
2020-06-26,0.26661,,-0.29632,,-2.58898,,-1.65464,,2.85672,,0.21856,
2020-06-27,.,No value available,.,No value available,.,No value available,.,No value available,.,No value available,.,No value available
2020-06-28,.,No value available,.,No value available,.,No value available,.,No value available,.,No value available,.,No value available
2020-06-29,0.27763,,-0.26011,,-2.65148,,-1.80580,,2.83283,,0.22215,
2020-06-30,0.27173,,-0.37865,,-2.50030,,-1.43785,,2.95077,,0.21103,
2020-07-01,0.37459,,-0.59726,,-2.40544,,-1.09295,,3.16520,,0.21576,
2020-07-02,0.36585,,-0.48959,,-2.44695,,-1.37738,,2.94719,,0.21100,
2020-07-03,0.32541,,-0.42139,,-2.54943,,-1.46955,,2.89866,,0.20234,
2020-07-04,.,No value available,.,No value available,.,No value available,.,No value available,.,No value available,.,No value available
2020-07-05,.,No value available,.,No value available,.,No value available,.,No value available,.,No value available,.,No value available
2020-07-06,0.35719,,-0.47513,,-2.57351,,-1.41306,,2.92128,,0.19906,
2020-07-07,0.34821,,-0.54843,,-2.43321,,-1.16259,,3.03922,,0.19589,
2020-07-08,0.32020,,-0.58221,,-2.28701,,-0.98314,,3.13496,,0.19553,
2020-07-09,0.31061,,-0.55884,,-2.28208,,-1.05113,,3.07447,,0.18604,
2020-07-10,0.19156,,-0.42460,,-2.22744,,-1.08622,,2.91301,,0.18521,
2020-07-11,.,No value available,.,No value available,.,No value available,.,No value available,.,No value available,.,No value available
2020-07-12,.,No value available,.,No value available,.,No value available,.,No value available,.,No value available,.,No value available
2020-07-13,0.27997,,-0.52302,,-2.29560,,-1.07545,,3.03962,,0.18508,
2020-07-14,0.30245,,-0.57644,,-2.13168,,-0.98427,,3.20622,,0.20006,
2020-07-15,0.30046,,-0.73391,,-1.95070,,-0.71767,,3.58699,,0.12132,
2020-07-16,0.31523,,-0.72569,,-2.00670,,-0.84543,,3.43937,,0.11267,
2020-07-17,0.32693,,-0.72668,,-2.10809,,-1.02142,,3.39537,,0.09798,
2020-07-18,.,No value available,.,No value available,.,No value available,.,No value available,.,No value available,.,No value available
2020-07-19,.,No value available,.,No value available,.,No value available,.,No value available,.,No value available,.,No value available
2020-07-20,0.34405,,-0.75250,,-2.01970,,-0.90171,,3.47811,,0.11160,
2020-07-21,0.30164,,-0.67142,,-2.08663,,-1.02691,,3.37385,,0.11631,
2020-07-22,0.27668,,-0.67741,,-2.05442,,-1.05451,,3.35694,,0.09710,
2020-07-23,0.25258,,-0.64561,,-2.06778,,-0.93563,,3.34271,,0.11935,
2020-07-24,0.26545,,-0.68503,,-1.92398,,-0.91544,,3.49757,,0.10921,
2020-07-25,.,No value available,.,No value available,.,No value available,.,No value available,.,No value available,.,No value available
2020-07-26,.,No value available,.,No value available,.,No value available,.,No value available,.,No value available,.,No value available
2020-07-27,0.25315,,-0.62002,,-1.98207,,-1.04919,,3.35699,,0.11923,
2020-07-28,0.21619,,-0.60557,,-1.99045,,-0.96081,,3.33701,,0.11227,
2020-07-29,0.21628,,-0.62533,,-2.02293,,-0.93302,,3.35589,,0.10516,
2020-07-30,0.19121,,-0.63253,,-1.98049,,-0.93650,,3.40197,,0.08782,
2020-07-31,0.17584,,-0.63181,,-2.00879,,-0.76620,,3.37615,,0.10388,
2020-08-01,.,No value available,.,No value available,.,No value available,.,No value available,.,No value available,.,No value available
2020-08-02,.,No value available,.,No value available,.,No value available,.,No value available,.,No value available,.,No value available
2020-08-03,0.21167,,-0.65580,,-2.01951,,-0.82741,,3.31510,,0.09399,
2020-08-04,0.18451,,-0.60211,,-2.05507,,-0.93177,,3.25747,,0.09756,
2020-08-05,0.17844,,-0.60020,,-2.03466,,-0.98946,,3.31911,,0.08943,
2020-08-06,0.20762,,-0.64937,,-1.98659,,-0.82941,,3.40544,,0.10043,
2020-08-07,0.18555,,-0.58631,,-2.06040,,-0.89629,,3.29953,,0.11255,
2020-08-08,.,No value available,.,No value available,.,No value available,.,No value available,.,No value available,.,No value available
2020-08-09,.,No value available,.,No value available,.,No value available,.,No value available,.,No value available,.,No value available
2020-08-10,0.20312,,-0.60705,,-2.04698,,-0.86965,,3.26874,,0.10627,
2020-08-11,0.24336,,-0.70988,,-2.00535,,-0.76812,,3.42239,,0.08034,
2020-08-12,0.30405,,-0.73514,,-2.01355,,-0.85478,,3.32901,,0.08672,
2020-08-13,0.31153,,-0.76598,,-1.97271,,-0.72668,,3.48689,,0.08723,
2020-08-14,0.33133,,-0.76839,,-1.94458,,-0.82117,,3.30943,,0.07696,
2020-08-15,.,No value available,.,No value available,.,No value available,.,No value available,.,No value available,.,No value available
2020-08-16,.,No value available,.,No value available,.,No value available,.,No value available,.,No value available,.,No value available
2020-08-17,0.34656,,-0.79925,,-1.97273,,-0.86663,,3.36594,,0.07055,
2020-08-18,0.30710,,-0.76435,,-1.99722,,-1.90319,,3.40719,,0.02907,
2020-08-19,0.29730,,-0.74997,,-2.02094,,-0.96184,,3.47136,,0.06452,
2020-08-20,0.26856,,-0.71496,,-1.98639,,-0.81676,,3.40089,,0.08312,
2020-08-21,0.23859,,-0.66153,,-2.08108,,-0.87902,,3.32272,,0.08807,
2020-08-22,.,No value available,.,No value available,.,No value available,.,No value available,.,No value available,.,No value available
2020-08-23,.,No value available,.,No value available,.,No value available,.,No value available,.,No value available,.,No value available
2020-08-24,0.28924,,-0.74298,,-1.99773,,-0.72376,,3.51376,,0.09477,
2020-08-25,0.41136,,-0.60344,,-2.49210,,-1.08307,,3.69934,,0.29186,
2020-08-26,0.34389,,-1.01275,,1.54533,,-3.65789,,1.68861,,2.65238,
2020-08-27,0.28058,,-0.94593,,3.48327,,-5.44877,,1.86603,,2.39425,
2020-08-28,0.40315,,-1.05811,,4.81867,,-6.91503,,1.92463,,2.33603,
2020-08-29,.,No value available,.,No value available,.,No value available,.,No value available,.,No value available,.,No value available
2020-08-30,.,No value available,.,No value available,.,No value available,.,No value available,.,No value available,.,No value available
2020-08-31,0.40751,,-1.07332,,5.44439,,-7.51018,,1.94677,,2.32230,
2020-09-01,0.40110,,-1.07082,,6.41258,,-8.43568,,1.98323,,2.30576,
2020-09-02,0.31219,,-0.99870,,0.12807,,-2.84099,,0.94239,,2.78779,
2020-09-03,0.31156,,-1.00479,,0.03452,,-2.87005,,0.88453,,2.83039,
2020-09-04,0.26199,,-0.95487,,0.13945,,-2.76546,,0.97075,,2.81535,
2020-09-05,.,No value available,.,No value available,.,No value available,.,No value available,.,No value available,.,No value available
2020-09-06,.,No value available,.,No value available,.,No value available,.,No value available,.,No value available,.,No value available
2020-09-07,0.29537,,-0.98558,,0.01573,,-2.80045,,0.87720,,2.83266,
2020-09-08,0.28943,,-0.98430,,0.03845,,-2.81270,,0.85781,,2.83969,
2020-09-09,0.26087,,-0.99792,,0.00325,,-2.84363,,0.74532,,2.85430,
2020-09-10,0.27892,,-1.04168,,0.00501,,-2.82931,,0.68674,,2.75629,
2020-09-11,0.29201,,-0.70026,,-2.07624,,-9.04077,,3.26820,,0.00928,
2020-09-12,.,No value available,.,No value available,.,No value available,.,No value available,.,No value available,.,No value available
2020-09-13,.,No value available,.,No value available,.,No value available,.,No value available,.,No value available,.,No value available
2020-09-14,0.27736,,-0.69557,,-2.12817,,-11.84837,,3.26798,,0.00619,
2020-09-15,0.30408,,-0.71094,,-2.12040,,-13.23188,,3.27246,,0.00663,
2020-09-16,0.29604,,-0.71352,,-2.08668,,-11.08049,,3.36663,,0.00786,
2020-09-17,0.30072,,-0.73269,,-2.03568,,-14.66004,,3.37098,,0.00588,
2020-09-18,0.27927,,-0.70032,,-2.09178,,-8.16191,,3.29818,,0.01018,
2020-09-19,.,No value available,.,No value available,.,No value available,.,No value available,.,No value available,.,No value available
2020-09-20,.,No value available,.,No value available,.,No value available,.,No value available,.,No value available,.,No value available
2020-09-21,0.25746,,-0.68679,,-2.09076,,-4.99672,,3.32737,,0.01320,
2020-09-22,0.23288,,-0.66409,,-2.09650,,-4.28015,,3.28429,,0.01597,
2020-09-23,0.27120,,-0.70023,,-2.13264,,-5.07100,,3.30814,,0.01412,
2020-09-24,0.25010,,-0.66437,,-2.17124,,-6.00144,,3.24496,,0.01293,
2020-09-25,0.25669,,-0.70854,,-2.05129,,-6.04158,,3.41577,,0.01052,
2020-09-26,.,No value available,.,No value available,.,No value available,.,No value available,.,No value available,.,No value available
2020-09-27,.,No value available,.,No value available,.,No value available,.,No value available,.,No value available,.,No value available
2020-09-28,0.25669,,-0.70854,,-2.05129,,-6.04158,,3.41577,,0.01052,
2020-09-29,0.20617,,-0.64197,,-2.05202,,-2.50508,,3.38359,,0.02183,
2020-09-30,0.19289,,-0.62592,,-2.03786,,-2.21325,,3.39902,,0.03253,
2020-10-01,0.22038,,-0.58183,,-2.10162,,-0.62163,,3.25194,,0.21230,
2020-10-02,0.20770,,-0.59746,,-2.11314,,-0.55411,,3.35699,,0.21443,
2020-10-03,.,No value available,.,No value available,.,No value available,.,No value available,.,No value available,.,No value available
2020-10-04,.,No value available,.,No value available,.,No value available,.,No value available,.,No value available,.,No value available
2020-10-05,0.20770,,-0.59746,,-2.11314,,-0.55411,,3.35699,,0.21443,
2020-10-06,0.20682,,-0.52791,,-2.15067,,-0.72757,,3.16362,,0.23229,
2020-10-07,0.20682,,-0.52791,,-2.15067,,-0.72757,,3.16362,,0.23229,
2020-10-08,0.20561,,-0.83185,,-2.85325,,1.13304,,2.76132,,1.73253,
2020-10-09,0.15302,,-0.76024,,-5.86968,,4.01900,,2.49375,,2.11628,
2020-10-10,.,No value available,.,No value available,.,No value available,.,No value available,.,No value available,.,No value available
2020-10-11,.,No value available,.,No value available,.,No value available,.,No value available,.,No value available,.,No value available
2020-10-12,0.15302,,-0.76024,,-5.86968,,4.01900,,2.49375,,2.11628,
2020-10-13,0.15302,,-0.76024,,-5.86968,,4.01900,,2.49375,,2.11628,
2020-10-14,0.12037,,-0.77448,,-5.80308,,4.00935,,2.47420,,2.06945,
2020-10-15,0.07001,,-0.73564,,-7.40695,,5.59163,,2.47781,,2.21287,
2020-10-16,0.00018,,-0.61345,,-2.77318,,1.26443,,3.98196,,5.83911,
2020-10-17,.,No value available,.,No value available,.,No value available,.,No value available,.,No value available,.,No value available
2020-10-18,.,No value available,.,No value available,.,No value available,.,No value available,.,No value available,.,No value available
2020-10-19,0.00018,,-0.61345,,-2.77318,,1.26443,,3.98196,,5.83911,
2020-10-20,0.10968,,-0.76073,,-1.41247,,-0.34402,,3.75322,,3.30763,
2020-10-21,0.15903,,-0.80801,,-1.74753,,-0.78415,,3.62217,,0.00010,
2020-10-22,0.15903,,-0.80801,,-1.74753,,-0.78415,,3.62217,,0.00010,
2020-10-23,0.09141,,-0.07524,,-2.62162,,-1.81848,,2.57459,,0.21979,
2020-10-24,.,No value available,.,No value available,.,No value available,.,No value available,.,No value available,.,No value available
2020-10-25,.,No value available,.,No value available,.,No value available,.,No value available,.,No value available,.,No value available
2020-10-26,0.10335,,-0.15048,,-2.54410,,-1.67871,,2.72866,,0.22247,
2020-10-27,0.09839,,-0.81191,,-3.67915,,2.01929,,2.52135,,1.71681,
2020-10-28,0.00038,,-0.66421,,0.98545,,-2.10867,,6.54810,,4.20181,
2020-10-29,0.00830,,-0.73991,,-5.66554,,3.97292,,2.18782,,1.76639,
2020-10-30,0.00830,,-0.73991,,-5.66554,,3.97292,,2.18782,,1.76639,
2020-10-31,.,No value available,.,No value available,.,No value available,.,No value available,.,No value available,.,No value available
2020-11-01,.,No value available,.,No value available,.,No value available,.,No value available,.,No value available,.,No value available
2020-11-02,0.03545,,-0.74715,,-2.55045,,0.89864,,2.56624,,1.34429,
2020-11-03,0.00046,,-0.71894,,2.11291,,-4.01690,,1.62706,,2.27654,
2020-11-04,0.00010,,-0.70144,,0.13844,,-2.31437,,1.31803,,3.03404,
2020-11-05,0.00010,,-0.67380,,0.66857,,-1.56369,,8.83943,,3.97061,
2020-11-06,0.00152,,-0.72074,,7.95118,,-9.72466,,1.94807,,2.18340,
2020-11-07,.,No value available,.,No value available,.,No value available,.,No value available,.,No value available,.,No value available
2020-11-08,.,No value available,.,No value available,.,No value available,.,No value available,.,No value available,.,No value available
2020-11-09,0.00152,,-0.72074,,7.95118,,-9.72466,,1.94807,,2.18340,
2020-11-10,0.21023,,-0.87589,,2.63261,,-4.65498,,1.85210,,2.39100,
2020-11-11,0.24216,,-0.90502,,0.05504,,-2.57067,,1.11162,,2.88352,
2020-11-12,0.20701,,-0.85955,,0.11008,,-2.53598,,1.17882,,2.89222,
2020-11-13,0.17095,,-0.81632,,0.00688,,-2.48461,,1.12846,,2.98601,
2020-11-14,.,No value available,.,No value available,.,No value available,.,No value available,.,No value available,.,No value available
2020-11-15,.,No value available,.,No value available,.,No value available,.,No value available,.,No value available,.,No value available
2020-11-16,0.14173,,-0.79584,,0.01349,,-2.41877,,1.20006,,3.07864,
2020-11-17,0.14173,,-0.79584,,0.01349,,-2.41877,,1.20006,,3.07864,
2020-11-18,0.14173,,-0.79584,,0.01349,,-2.41877,,1.20006,,3.07864,
2020-11-19,0.09245,,-0.75786,,0.02698,,-2.36841,,1.03934,,3.01549,
2020-11-20,0.09245,,-0.75786,,0.02698,,-2.36841,,1.03934,,3.01549,
2020-11-21,.,No value available,.,No value available,.,No value available,.,No value available,.,No value available,.,No value available
2020-11-22,.,No value available,.,No value available,.,No value available,.,No value available,.,No value available,.,No value available
2020-11-23,0.10221,,-0.77133,,0.03858,,-2.41276,,1.12415,,2.99321,
2020-11-24,0.10221,,-0.77133,,0.03858,,-2.41276,,1.12415,,2.99321,
2020-11-25,0.10221,,-0.77133,,0.03858,,-2.41276,,1.12415,,2.99321,
2020-11-26,0.10221,,-0.77133,,0.03858,,-2.41276,,1.12415,,2.99321,
2020-11-27,0.10221,,-0.77133,,0.03858,,-2.41276,,1.12415,,2.99321,
2020-11-28,.,No value available,.,No value available,.,No value available,.,No value available,.,No value available,.,No value available
2020-11-29,.,No value available,.,No value available,.,No value available,.,No value available,.,No value available,.,No value available
2020-11-30,0.10221,,-0.77133,,0.03858,,-2.41276,,1.12415,,2.99321,
2020-12-01,0.10032,,-0.86734,,0.12881,,-2.51418,,0.75008,,2.72293,
2020-12-02,0.15455,,-0.97191,,0.25762,,-2.60968,,0.78841,,2.68333,
2020-12-03,0.15524,,-0.93305,,-0.02550,,-2.58215,,0.70524,,2.80908,
2020-12-04,0.13580,,-0.93061,,-0.05100,,-2.57825,,0.65316,,2.78450,
2020-12-05,.,No value available,.,No value available,.,No value available,.,No value available,.,No value available,.,No value available
2020-12-06,.,No value available,.,No value available,.,No value available,.,No value available,.,No value available,.,No value available
2020-12-07,0.11582,,-0.88584,,-0.02720,,-2.57571,,0.73071,,2.83042,
2020-12-08,0.11830,,-0.87107,,-0.04522,,-2.53357,,0.86071,,2.97326,
2020-12-09,0.11830,,-0.87107,,-0.04522,,-2.53357,,0.86071,,2.97326,
2020-12-10,0.07633,,-0.84609,,-0.00283,,-2.49726,,0.88151,,2.93887,
2020-12-11,0.04536,,-0.81546,,-0.00018,,-2.41984,,0.89324,,3.00748,
2020-12-12,.,No value available,.,No value available,.,No value available,.,No value available,.,No value available,.,No value available
2020-12-13,.,No value available,.,No value available,.,No value available,.,No value available,.,No value available,.,No value available
2020-12-14,0.01631,,-0.84166,,0.13468,,-2.46734,,0.73835,,2.73787,
2020-12-15,0.01631,,-0.84166,,0.13468,,-2.46734,,0.73835,,2.73787,
2020-12-16,0.03262,,-0.85039,,0.26936,,-2.39202,,0.86691,,2.70558,
2020-12-17,0.08739,,-0.89149,,0.05594,,-2.37947,,0.84801,,2.97425,
2020-12-18,0.12156,,-0.91623,,0.00350,,-2.47116,,0.74543,,2.90758,
2020-12-19,.,No value available,.,No value available,.,No value available,.,No value available,.,No value available,.,No value available
2020-12-20,.,No value available,.,No value available,.,No value available,.,No value available,.,No value available,.,No value available
2020-12-21,0.04165,,-0.82668,,0.00447,,-2.39711,,0.74693,,2.96572,
2020-12-22,0.06390,,-0.91756,,0.00601,,-2.44841,,0.67807,,2.86415,
2020-12-23,0.10760,,-0.93591,,-1.47186,,0.48318,,3.94047,,0.67098,
2020-12-24,.,No value available,.,No value available,.,No value available,.,No value available,.,No value available,.,No value available
2020-12-25,.,No value available,.,No value available,.,No value available,.,No value available,.,No value available,.,No value available
2020-12-26,.,No value available,.,No value available,.,No value available,.,No value available,.,No value available,.,No value available
2020-12-27,.,No value available,.,No value available,.,No value available,.,No value available,.,No value available,.,No value available
2020-12-28,0.17153,,-1.07077,,-1.40103,,0.72983,,3.82298,,0.62038,
2020-12-29,0.12801,,-1.06351,,-1.41302,,0.74800,,3.79057,,0.69615,
2020-12-30,0.15429,,-1.02398,,-1.44649,,0.61031,,3.76681,,0.67370,
2020-12-31,.,No value available,.,No value available,.,No value available,.,No value available,.,No value available,.,No value available
2021-01-01,.,No value available,.,No value available,.,No value available,.,No value available,.,No value available,.,No value available
2021-01-02,.,No value available,.,No value available,.,No value available,.,No value available,.,No value available,.,No value available
2021-01-03,.,No value available,.,No value available,.,No value available,.,No value available,.,No value available,.,No value available
2021-01-04,0.12597,,-0.98521,,-1.48656,,0.62159,,3.98578,,0.70608,
2021-01-05,0.10738,,-0.93252,,-1.69839,,0.70820,,3.51745,,0.79797,
2021-01-06,0.16979,,-1.04268,,-1.46321,,0.76415,,3.69425,,0.57008,
2021-01-07,0.16238,,-1.00572,,-1.56193,,0.70224,,3.61392,,0.60268,
2021-01-08,0.15836,,-0.91742,,-1.69583,,0.53128,,3.46135,,0.68197,
2021-01-09,.,No value available,.,No value available,.,No value available,.,No value available,.,No value available,.,No value available
2021-01-10,.,No value available,.,No value available,.,No value available,.,No value available,.,No value available,.,No value available
2021-01-11,0.10837,,-0.75624,,-17.06640,,15.33407,,2.18684,,2.05993,
2021-01-12,0.00057,,-0.59245,,3.54103,,-4.13152,,7.06931,,5.21650,
2021-01-13,0.00076,,-0.58485,,2.95499,,-3.69308,,6.76477,,4.89814,
2021-01-14,0.15589,,-0.75883,,-2.82363,,1.08359,,2.99112,,2.11101,
2021-01-15,0.19311,,-0.75939,,-1.85117,,-0.03297,,3.59872,,0.00010,
2021-01-16,.,No value available,.,No value available,.,No value available,.,No value available,.,No value available,.,No value available
2021-01-17,.,No value available,.,No value available,.,No value available,.,No value available,.,No value available,.,No value available
2021-01-18,0.00099,,-0.56857,,-1.71261,,0.61754,,3.53535,,30.00000,
2021-01-19,0.21783,,-0.78236,,-1.72660,,-0.10489,,3.57916,,3.99408,
2021-01-20,0.14110,,-0.73914,,-2.70415,,0.99659,,2.82386,,1.72020,
2021-01-21,0.14110,,-0.73914,,-2.70415,,0.99659,,2.82386,,1.72020,
2021-01-22,0.20478,,-0.80418,,-2.63775,,0.84200,,2.88714,,1.71886,
2021-01-23,.,No value available,.,No value available,.,No value available,.,No value available,.,No value available,.,No value available
2021-01-24,.,No value available,.,No value available,.,No value available,.,No value available,.,No value available,.,No value available
2021-01-25,0.18112,,-0.77731,,-2.10724,,0.32356,,3.20683,,1.76282,
2021-01-26,0.18358,,-0.78244,,-2.17844,,0.37155,,3.24318,,1.48393,
2021-01-27,0.23291,,-0.81250,,-1.89215,,-0.13671,,3.64364,,0.07136,
2021-01-28,0.18940,,-0.71046,,-2.03075,,-0.27342,,3.35765,,0.14272,
2021-01-29,0.27242,,-0.78576,,-2.08509,,-0.37305,,3.39840,,0.04496,
2021-01-30,.,No value available,.,No value available,.,No value available,.,No value available,.,No value available,.,No value available
2021-01-31,.,No value available,.,No value available,.,No value available,.,No value available,.,No value available,.,No value available
2021-02-01,0.17400,,-0.86410,,-17.22887,,15.41630,,2.02499,,1.87965,
2021-02-02,0.00018,,-0.59511,,-4.93222,,4.12634,,5.25741,,6.90813,
2021-02-03,0.00025,,-0.59890,,-5.51072,,4.86063,,5.53330,,7.26747,
2021-02-04,0.00025,,-0.59890,,-5.51072,,4.86063,,5.53330,,7.26747,
2021-02-05,0.00029,,-0.60231,,-6.73912,,6.18236,,5.65861,,6.99701,
2021-02-06,.,No value available,.,No value available,.,No value available,.,No value available,.,No value available,.,No value available
2021-02-07,.,No value available,.,No value available,.,No value available,.,No value available,.,No value available,.,No value available
2021-02-08,0.00014,,-0.59444,,-2.46466,,1.86869,,4.42114,,9.42237,
2021-02-09,0.00010,,-0.60493,,-7.01868,,6.44439,,5.55626,,6.82100,
2021-02-10,0.00087,,-0.57366,,-3.01389,,2.22276,,4.40567,,7.82513,
2021-02-11,0.36563,,-0.99235,,-2.25037,,0.33921,,3.17893,,0.98747,
2021-02-12,0.36563,,-0.99235,,-2.25037,,0.33921,,3.17893,,0.98747,
2021-02-13,.,No value available,.,No value available,.,No value available,.,No value available,.,No value available,.,No value available
2021-02-14,.,No value available,.,No value available,.,No value available,.,No value available,.,No value available,.,No value available
2021-02-15,0.47881,,-1.11191,,-2.37085,,0.46069,,3.01667,,1.11979,
2021-02-16,0.47881,,-1.11191,,-2.37085,,0.46069,,3.01667,,1.11979,
2021-02-17,0.48829,,-1.11525,,-2.40028,,0.48692,,2.93642,,1.12788,
2021-02-18,0.48829,,-1.11525,,-2.40028,,0.48692,,2.93642,,1.12788,
2021-02-19,0.52061,,-1.13622,,-2.40670,,0.45719,,2.90413,,1.15274,
2021-02-20,.,No value available,.,No value available,.,No value available,.,No value available,.,No value available,.,No value available
2021-02-21,.,No value available,.,No value available,.,No value available,.,No value available,.,No value available,.,No value available
2021-02-22,0.58376,,-1.14208,,-2.12128,,0.08545,,3.31001,,0.01542,
2021-02-23,0.57271,,-1.18742,,-2.11439,,0.19566,,3.15631,,0.60980,
2021-02-24,0.57271,,-1.18742,,-2.11439,,0.19566,,3.15631,,0.60980,
2021-02-25,0.57901,,-1.20476,,-2.17685,,0.30467,,2.93145,,0.78526,
2021-02-26,0.49398,,-1.11593,,-2.09703,,0.37565,,2.73607,,0.90788,
2021-02-27,.,No value available,.,No value available,.,No value available,.,No value available,.,No value available,.,No value available
2021-02-28,.,No value available,.,No value available,.,No value available,.,No value available,.,No value available,.,No value available
2021-03-01,0.45729,,-1.07682,,-2.24658,,0.43235,,2.69768,,0.98627,
2021-03-02,0.47038,,-1.08555,,-2.41312,,0.49929,,2.71337,,1.13079,
2021-03-03,0.49780,,-1.12285,,-2.71951,,0.71992,,2.56057,,1.12808,
2021-03-04,0.52654,,-1.15745,,-2.92357,,0.92778,,2.53025,,1.27302,
2021-03-05,0.52654,,-1.15745,,-2.92357,,0.92778,,2.53025,,1.27302,
2021-03-06,.,No value available,.,No value available,.,No value available,.,No value available,.,No value available,.,No value available
2021-03-07,.,No value available,.,No value available,.,No value available,.,No value available,.,No value available,.,No value available
2021-03-08,0.52654,,-1.15745,,-2.92357,,0.92778,,2.53025,,1.27302,
2021-03-09,0.48426,,-1.10868,,-2.46669,,0.56774,,2.58844,,0.97859,
2021-03-10,0.27171,,-0.82262,,-7.18774,,6.24467,,4.64849,,5.70788,
2021-03-11,0.53409,,-1.16123,,-2.18023,,0.34049,,3.04842,,0.72113,
2021-03-12,0.53635,,-1.14807,,-2.81668,,0.74525,,2.62609,,1.21142,
2021-03-13,.,No value available,.,No value available,.,No value available,.,No value available,.,No value available,.,No value available
2021-03-14,.,No value available,.,No value available,.,No value available,.,No value available,.,No value available,.,No value available
2021-03-15,0.53635,,-1.14807,,-2.81668,,0.74525,,2.62609,,1.21142,
2021-03-16,0.52407,,-1.13969,,-4.66984,,2.44307,,2.32758,,1.61522,
2021-03-17,0.54197,,-1.16435,,-9.30619,,6.97873,,2.06350,,1.76709,
2021-03-18,0.61391,,-1.24706,,-26.00283,,23.57173,,1.93603,,1.83239,
2021-03-19,0.59029,,-1.22123,,-30.00000,,27.51714,,1.95932,,1.87408,
2021-03-20,.,No value available,.,No value available,.,No value available,.,No value available,.,No value available,.,No value available
2021-03-21,.,No value available,.,No value available,.,No value available,.,No value available,.,No value available,.,No value available
2021-03-22,0.60684,,-1.23818,,-8.74681,,6.28159,,2.13519,,1.79197,
2021-03-23,0.58044,,-1.21844,,-9.31439,,6.88291,,2.12734,,1.80818,
2021-03-24,0.58038,,-0.80812,,-2.88953,,-1.01566,,2.85404,,0.16991,
2021-03-25,0.58038,,-0.80812,,-2.88953,,-1.01566,,2.85404,,0.16991,
2021-03-26,0.58038,,-0.80812,,-2.88953,,-1.01566,,2.85404,,0.16991,
2021-03-27,.,No value available,.,No value available,.,No value available,.,No value available,.,No value available,.,No value available
2021-03-28,.,No value available,.,No value available,.,No value available,.,No value available,.,No value available,.,No value available
2021-03-29,0.61167,,-0.83541,,-2.92317,,-1.04166,,2.81159,,0.17331,
2021-03-30,0.66498,,-0.87569,,-2.90588,,-1.07289,,2.68680,,0.16402,
2021-03-31,0.66498,,-0.87569,,-2.90588,,-1.07289,,2.68680,,0.16402,
2021-04-01,0.60790,,-0.67896,,-3.04064,,-1.28688,,2.64569,,0.22862,
2021-04-02,.,No value available,.,No value available,.,No value available,.,No value available,.,No value available,.,No value available
2021-04-03,.,No value available,.,No value available,.,No value available,.,No value available,.,No value available,.,No value available
2021-04-04,.,No value available,.,No value available,.,No value available,.,No value available,.,No value available,.,No value available
2021-04-05,.,No value available,.,No value available,.,No value available,.,No value available,.,No value available,.,No value available
2021-04-06,0.60790,,-0.67896,,-3.04064,,-1.28688,,2.64569,,0.22862,
2021-04-07,0.57873,,-0.67037,,-3.01281,,-1.30404,,2.68925,,0.21288,
2021-04-08,0.57873,,-0.67037,,-3.01281,,-1.30404,,2.68925,,0.21288,
2021-04-09,0.61585,,-0.67981,,-3.07032,,-1.41755,,2.68043,,0.21976,
2021-04-10,.,No value available,.,No value available,.,No value available,.,No value available,.,No value available,.,No value available
2021-04-11,.,No value available,.,No value available,.,No value available,.,No value available,.,No value available,.,No value available
2021-04-12,0.58957,,-0.76965,,-2.87686,,-1.10347,,2.73976,,0.21481,
2021-04-13,0.62648,,-0.78328,,-2.92265,,-1.16151,,2.65998,,0.21003,
2021-04-14,0.62648,,-0.78328,,-2.92265,,-1.16151,,2.65998,,0.21003,
2021-04-15,0.64046,,-0.84088,,-2.82570,,-1.07773,,2.72383,,0.20092,
2021-04-16,0.64046,,-0.84088,,-2.82570,,-1.07773,,2.72383,,0.20092,
2021-04-17,.,No value available,.,No value available,.,No value available,.,No value available,.,No value available,.,No value available
2021-04-18,.,No value available,.,No value available,.,No value available,.,No value available,.,No value available,.,No value available
2021-04-19,0.64046,,-0.84088,,-2.82570,,-1.07773,,2.72383,,0.20092,
2021-04-20,0.65689,,-0.87446,,-2.75650,,-1.04244,,2.63908,,0.18834,
2021-04-21,0.64471,,-0.87882,,-2.77324,,-0.99436,,2.66709,,0.18966,
2021-04-22,0.61362,,-0.84841,,-2.74234,,-0.99871,,2.70006,,0.19470,
2021-04-23,0.61362,,-0.84841,,-2.74234,,-0.99871,,2.70006,,0.19470,
2021-04-24,.,No value available,.,No value available,.,No value available,.,No value available,.,No value available,.,No value available
2021-04-25,.,No value available,.,No value available,.,No value available,.,No value available,.,No value available,.,No value available
2021-04-26,0.63142,,-0.86038,,-2.76562,,-1.01440,,2.66284,,0.18982,
2021-04-27,0.63142,,-0.86038,,-2.76562,,-1.01440,,2.66284,,0.18982,
2021-04-28,0.66291,,-0.96295,,-2.62827,,-0.82617,,2.66814,,0.18337,
2021-04-29,0.66291,,-0.96295,,-2.62827,,-0.82617,,2.66814,,0.18337,
2021-04-30,0.70588,,-0.99416,,-2.74526,,-0.83918,,2.64027,,0.17158,
2021-05-01,.,No value available,.,No value available,.,No value available,.,No value available,.,No value available,.,No value available
2021-05-02,.,No value available,.,No value available,.,No value available,.,No value available,.,No value available,.,No value available
2021-05-03,0.73844,,-1.00516,,-2.78978,,-0.88710,,2.57531,,0.16854,
2021-05-04,0.71153,,-1.01039,,-2.77087,,-0.77350,,2.64297,,0.16714,
2021-05-05,0.69227,,-0.98455,,-2.79647,,-0.79732,,2.65025,,0.16679,
2021-05-06,0.69227,,-0.98455,,-2.79647,,-0.79732,,2.65025,,0.16679,
2021-05-07,0.69227,,-0.98455,,-2.79647,,-0.79732,,2.65025,,0.16679,
2021-05-08,.,No value available,.,No value available,.,No value available,.,No value available,.,No value available,.,No value available
2021-05-09,.,No value available,.,No value available,.,No value available,.,No value available,.,No value available,.,No value available
2021-05-10,0.72335,,-1.03052,,-2.77743,,-0.78521,,2.65772,,0.15297,
2021-05-11,0.74906,,-0.85191,,-3.13565,,-1.32544,,2.44674,,0.16586,
2021-05-12,0.76120,,-1.04833,,-2.80605,,-0.86234,,2.60866,,0.16189,
2021-05-13,0.80151,,-1.15356,,-2.67415,,-0.67411,,2.54645,,0.13833,
2021-05-14,0.77006,,-1.09929,,-2.66143,,-0.76431,,2.58343,,0.14716,
2021-05-15,.,No value available,.,No value available,.,No value available,.,No value available,.,No value available,.,No value available
2021-05-16,.,No value available,.,No value available,.,No value available,.,No value available,.,No value available,.,No value available
2021-05-17,0.77006,,-1.09929,,-2.66143,,-0.76431,,2.58343,,0.14716,
2021-05-18,0.78037,,-0.98179,,-2.85878,,-1.08643,,2.46431,,0.17609,
2021-05-19,0.81407,,-1.03904,,-2.85463,,-1.01895,,2.45002,,0.16037,
2021-05-20,0.78901,,-1.11735,,-2.63288,,-0.76568,,2.53839,,0.15321,
2021-05-21,0.74611,,-0.99804,,-2.74409,,-0.98071,,2.47129,,0.15872,
2021-05-22,.,No value available,.,No value available,.,No value available,.,No value available,.,No value available,.,No value available
2021-05-23,.,No value available,.,No value available,.,No value available,.,No value available,.,No value available,.,No value available
2021-05-24,.,No value available,.,No value available,.,No value available,.,No value available,.,No value available,.,No value available
2021-05-25,0.74719,,-0.99532,,-2.80207,,-1.01791,,2.55195,,0.14981,
2021-05-26,0.73110,,-0.99264,,-2.80384,,-0.99589,,2.64151,,0.15175,
2021-05-27,0.70181,,-0.94327,,-2.79425,,-1.03877,,2.62066,,0.15715,
2021-05-28,0.74529,,-0.97762,,-2.84384,,-1.06371,,2.57915,,0.15478,
2021-05-29,.,No value available,.,No value available,.,No value available,.,No value available,.,No value available,.,No value available
2021-05-30,.,No value available,.,No value available,.,No value available,.,No value available,.,No value available,.,No value available
2021-05-31,0.73187,,-1.40240,,-2.93815,,0.83686,,2.42195,,1.03320,
2021-06-01,0.69167,,-1.36818,,-3.47267,,1.34358,,2.27905,,1.23635,
2021-06-02,0.69167,,-1.36818,,-3.47267,,1.34358,,2.27905,,1.23635,
2021-06-03,0.69167,,-1.36818,,-3.47267,,1.34358,,2.27905,,1.23635,
2021-06-04,0.70978,,-1.36012,,-3.02002,,0.84005,,2.41707,,1.08536,
2021-06-05,.,No value available,.,No value available,.,No value available,.,No value available,.,No value available,.,No value available
2021-06-06,.,No value available,.,No value available,.,No value available,.,No value available,.,No value available,.,No value available
2021-06-07,0.68922,,-1.35688,,-4.86948,,2.57846,,2.11752,,1.45031,
2021-06-08,0.65569,,-1.32379,,-9.15675,,6.81932,,1.92853,,1.63550,
2021-06-09,0.62416,,-1.31647,,-18.32132,,15.97727,,1.83607,,1.68950,
2021-06-10,0.62239,,-1.31807,,-18.06399,,15.72739,,1.86845,,1.72253,
2021-06-11,0.61975,,-0.62997,,-3.12128,,-1.66736,,2.55208,,0.19203,
2021-06-12,.,No value available,.,No value available,.,No value available,.,No value available,.,No value available,.,No value available
2021-06-13,.,No value available,.,No value available,.,No value available,.,No value available,.,No value available,.,No value available
2021-06-14,0.62613,,-0.69391,,-3.02251,,-1.52942,,2.56927,,0.18445,
2021-06-15,0.63042,,-0.65539,,-3.07401,,-1.61320,,2.52856,,0.18700,
2021-06-16,0.64748,,-0.65731,,-3.10380,,-1.66884,,2.46261,,0.18077,
2021-06-17,0.64064,,-0.71519,,-2.92672,,-1.47535,,2.46480,,0.18975,
2021-06-18,0.57082,,-0.65814,,-2.83730,,-1.46329,,2.46227,,0.18421,
2021-06-19,.,No value available,.,No value available,.,No value available,.,No value available,.,No value available,.,No value available
2021-06-20,.,No value available,.,No value available,.,No value available,.,No value available,.,No value available,.,No value available
2021-06-21,0.54608,,-0.67898,,-2.69390,,-1.33827,,2.48546,,0.18716,
2021-06-22,0.62821,,-0.78974,,-2.68049,,-1.27056,,2.53916,,0.19307,
2021-06-23,0.63122,,-0.82496,,-2.66667,,-1.22510,,2.56386,,0.18136,
2021-06-24,0.62882,,-0.81172,,-2.67418,,-1.22994,,2.55673,,0.19024,
2021-06-25,0.63455,,-0.87088,,-2.60176,,-1.10865,,2.64261,,0.18640,
2021-06-26,.,No value available,.,No value available,.,No value available,.,No value available,.,No value available,.,No value available
2021-06-27,.,No value available,.,No value available,.,No value available,.,No value available,.,No value available,.,No value available
2021-06-28,0.66454,,-0.90401,,-2.62283,,-1.09042,,2.63651,,0.18639,
2021-06-29,0.62005,,-1.30137,,-8.15987,,5.99526,,2.05267,,1.74606,
2021-06-30,0.61274,,-1.29686,,-8.09472,,5.92403,,2.04837,,1.73633,
2021-07-01,0.62342,,-1.29470,,-7.02965,,4.85605,,2.15738,,1.80340,
2021-07-02,0.59747,,-1.27257,,-6.07504,,3.89864,,2.17720,,1.72660,
2021-07-03,.,No value available,.,No value available,.,No value available,.,No value available,.,No value available,.,No value available
2021-07-04,.,No value available,.,No value available,.,No value available,.,No value available,.,No value available,.,No value available
2021-07-05,0.61015,,-1.29426,,-8.00001,,5.79475,,2.13156,,1.80210,
2021-07-06,0.59332,,-1.27873,,-9.27301,,7.09832,,2.11735,,1.85011,
2021-07-07,0.51154,,-1.19757,,-24.49677,,22.34304,,2.07129,,1.97805,
2021-07-08,0.45325,,-1.13177,,-19.96837,,17.83623,,2.15890,,2.04197,
2021-07-09,0.48637,,-1.15521,,-22.29681,,20.11366,,2.12287,,2.01820,
